{
  "map": {
    "center": [
      140.01109,
      38.097076
  ],
  "zoom": 6,
  "bearing": 0,
  "pitch": 30
  }
}
