{
  "map": {
    "center": [136.87569, 36.55745],
    "zoom": 14.0,
    "bearing": 15,
    "pitch": 0
  }
}
