{
  "map": {
    "center": [
      139.698243,
      38.039837
  ],
  "zoom": 6,
  "bearing": 0,
  "pitch": 30
  }
}
